Series Name,Series Code,Country Name,Country Code,1990 [YR1990],2000 [YR2000],2011 [YR2011],2012 [YR2012],2013 [YR2013],2014 [YR2014],2015 [YR2015],2016 [YR2016],2017 [YR2017],2018 [YR2018],2019 [YR2019],2020 [YR2020]
CO2 emissions (metric tons per capita),EN.ATM.CO2E.PC,Afghanistan,AFG,0.238472916,0.037054937,0.407073503,0.335351023,0.263715761,0.234036914,0.232175631,0.208857196,0.203327569,0.200151071,0.0,0.0
CO2 emissions (metric tons per capita),EN.ATM.CO2E.PC,Albania,ALB,1.840840616,1.026213109,1.734823308,1.579091995,1.654524278,1.806788541,1.759987059,1.714126173,1.948872038,1.939731563,0.0,0.0
CO2 emissions (metric tons per capita),EN.ATM.CO2E.PC,Algeria,DZA,2.635596776,2.531711792,3.222459523,3.387554626,3.406123235,3.566208834,3.674232947,3.535019927,3.505747662,3.591657418,0.0,0.0
CO2 emissions (metric tons per capita),EN.ATM.CO2E.PC,American Samoa,ASM,0.0,0.0,0.0,0.0,0.0,0.0,0.0,0.0,0.0,0.0,0.0,0.0
CO2 emissions (metric tons per capita),EN.ATM.CO2E.PC,Andorra,AND,7.521831658,7.952286282,5.850885991,5.944654058,5.942800545,5.807127618,6.026181837,6.080600298,6.104133927,5.97340536,0.0,0.0
CO2 emissions (metric tons per capita),EN.ATM.CO2E.PC,Angola,AGO,0.534250026,0.754476372,1.216316979,1.204798883,1.261541742,1.285364553,1.260920989,1.227702942,1.0343173,0.887380364,0.0,0.0
CO2 emissions (metric tons per capita),EN.ATM.CO2E.PC,Antigua and Barbuda,ATG,3.358226856,4.341705369,5.714285714,7.96398509,5.136050705,5.18571336,5.236665206,5.289885738,5.239717055,5.504663385,0.0,0.0
CO2 emissions (metric tons per capita),EN.ATM.CO2E.PC,Argentina,ARG,3.06082582,3.577628213,4.296015486,4.277881789,4.359886344,4.216360632,4.314433522,4.227539442,4.089471516,3.987234198,0.0,0.0
CO2 emissions (metric tons per capita),EN.ATM.CO2E.PC,Armenia,ARM,5.610254358,1.159761363,1.71734336,1.9831921,1.89812717,1.881607731,1.825292192,1.726752782,1.806581049,1.880246268,0.0,0.0
CO2 emissions (metric tons per capita),EN.ATM.CO2E.PC,Aruba,ABW,0.0,0.0,0.0,0.0,0.0,0.0,0.0,0.0,0.0,0.0,0.0,0.0
CO2 emissions (metric tons per capita),EN.ATM.CO2E.PC,Australia,AUS,15.44673046,17.68965697,17.26811037,16.96925656,16.398646,15.7558761,15.7864494,15.87207954,15.7386474,15.47551649,0.0,0.0
CO2 emissions (metric tons per capita),EN.ATM.CO2E.PC,Austria,AUT,7.58936421,7.929785513,8.135474781,7.723614414,7.753699576,7.253383781,7.306745266,7.255626516,7.482751479,7.146637625,0.0,0.0
CO2 emissions (metric tons per capita),EN.ATM.CO2E.PC,Azerbaijan,AZE,8.016501282,4.971050866,3.113457396,3.309026974,3.333403775,3.422100645,3.333906429,3.347061821,3.244356904,3.221402183,0.0,0.0
CO2 emissions (metric tons per capita),EN.ATM.CO2E.PC,"Bahamas, The",BHS,6.946964996,7.180123807,6.730017826,10.01152425,8.470375475,7.069139966,6.333511491,5.794831222,5.631972841,5.86046391,0.0,0.0
CO2 emissions (metric tons per capita),EN.ATM.CO2E.PC,Bahrain,BHR,21.65641314,23.8937121,20.36532403,20.43937345,21.87024012,22.61852459,22.30559688,21.18119531,20.33362404,19.59297584,0.0,0.0
CO2 emissions (metric tons per capita),EN.ATM.CO2E.PC,Bangladesh,BGD,0.111658248,0.169593942,0.364566607,0.384025155,0.396566115,0.412898523,0.458797539,0.466776363,0.492906613,0.512837314,0.0,0.0
CO2 emissions (metric tons per capita),EN.ATM.CO2E.PC,Barbados,BRB,3.755753393,4.567034116,5.901331157,7.789973845,5.205878422,4.529096814,4.52112839,4.583656989,4.192447306,4.360870779,0.0,0.0
CO2 emissions (metric tons per capita),EN.ATM.CO2E.PC,Belarus,BLR,9.799449386,5.309826737,6.167005033,6.329103205,6.346358246,6.294110768,5.801665688,5.83037177,5.945667132,6.283647736,0.0,0.0
CO2 emissions (metric tons per capita),EN.ATM.CO2E.PC,Belgium,BEL,10.96677472,11.44055603,8.658064348,8.549615681,8.65727005,8.043495541,8.444061111,8.323756718,8.155491115,8.179711061,0.0,0.0
CO2 emissions (metric tons per capita),EN.ATM.CO2E.PC,Belize,BLZ,1.759493266,1.819578666,1.93800797,2.041414079,1.446311472,1.386664252,1.828629691,1.764391326,1.729758499,1.775127848,0.0,0.0
CO2 emissions (metric tons per capita),EN.ATM.CO2E.PC,Benin,BEN,0.07632838,0.222838921,0.526380933,0.487190488,0.501769487,0.535635874,0.566378737,0.665006634,0.65860166,0.688722324,0.0,0.0
CO2 emissions (metric tons per capita),EN.ATM.CO2E.PC,Bermuda,BMU,0.0,0.0,0.0,0.0,0.0,0.0,0.0,0.0,0.0,0.0,0.0,0.0
CO2 emissions (metric tons per capita),EN.ATM.CO2E.PC,Bhutan,BTN,0.244912877,0.626042699,0.966396797,1.083266104,1.196786979,1.307274985,1.31888966,1.669594112,1.783886808,1.829277992,0.0,0.0
CO2 emissions (metric tons per capita),EN.ATM.CO2E.PC,Bolivia,BOL,0.827404692,0.950314019,1.610699983,1.662221709,1.760514116,1.883899311,1.877691189,1.958878597,1.987875656,2.000327663,0.0,0.0
CO2 emissions (metric tons per capita),EN.ATM.CO2E.PC,Bosnia and Herzegovina,BIH,5.370319006,3.718833774,6.484260645,6.091586842,6.167789854,5.597187449,5.718264797,6.597243038,6.758099426,6.781131607,0.0,0.0
CO2 emissions (metric tons per capita),EN.ATM.CO2E.PC,Botswana,BWA,2.183786203,2.452333155,1.984711765,2.515259486,2.695690919,3.413738935,3.399795164,3.296410755,3.569037983,3.64230522,0.0,0.0
CO2 emissions (metric tons per capita),EN.ATM.CO2E.PC,Brazil,BRA,1.330575227,1.788828844,2.111844515,2.266878111,2.401859521,2.499362016,2.347365731,2.143497524,2.164421504,2.041874199,0.0,0.0
CO2 emissions (metric tons per capita),EN.ATM.CO2E.PC,British Virgin Islands,VGB,0.0,0.0,0.0,0.0,0.0,0.0,0.0,0.0,0.0,0.0,0.0,0.0
CO2 emissions (metric tons per capita),EN.ATM.CO2E.PC,Brunei Darussalam,BRN,15.15186654,13.29667493,17.80602357,17.86980854,17.35844951,17.00920986,14.41262527,15.26950316,15.80753909,16.64490862,0.0,0.0
CO2 emissions (metric tons per capita),EN.ATM.CO2E.PC,Bulgaria,BGR,8.437435373,5.30343792,6.759360769,6.175840637,5.48098688,5.845841977,6.225976043,5.855926256,6.223901903,5.854773434,0.0,0.0
CO2 emissions (metric tons per capita),EN.ATM.CO2E.PC,Burkina Faso,BFA,0.066961502,0.090455241,0.136799629,0.163536225,0.173961012,0.171727227,0.187735194,0.187704296,0.212053871,0.216186485,0.0,0.0
CO2 emissions (metric tons per capita),EN.ATM.CO2E.PC,Burundi,BDI,0.034933155,0.040759564,0.041301991,0.042180439,0.042975579,0.03961683,0.040354196,0.043859641,0.052646114,0.05279463,0.0,0.0
CO2 emissions (metric tons per capita),EN.ATM.CO2E.PC,Cabo Verde,CPV,0.295899134,0.513805006,1.142609721,1.049004337,0.996599836,0.964736936,0.952852841,1.035508529,1.097676461,1.140200528,0.0,0.0
CO2 emissions (metric tons per capita),EN.ATM.CO2E.PC,Cambodia,KHM,0.140380634,0.161247317,0.356911474,0.366700509,0.37134816,0.434056591,0.55278394,0.627921978,0.710207176,0.686777895,0.0,0.0
CO2 emissions (metric tons per capita),EN.ATM.CO2E.PC,Cameroon,CMR,0.246178169,0.431869549,0.381223121,0.328597266,0.333827053,0.341682842,0.343800787,0.357343635,0.338678511,0.341842908,0.0,0.0
CO2 emissions (metric tons per capita),EN.ATM.CO2E.PC,Canada,CAN,15.1355282,16.78304541,15.95022477,15.7612635,15.85812871,15.85413843,15.65138616,15.24474718,15.38529105,15.49702527,0.0,0.0
CO2 emissions (metric tons per capita),EN.ATM.CO2E.PC,Cayman Islands,CYM,0.0,0.0,0.0,0.0,0.0,0.0,0.0,0.0,0.0,0.0,0.0,0.0
CO2 emissions (metric tons per capita),EN.ATM.CO2E.PC,Central African Republic,CAF,0.057005636,0.065926441,0.065631069,0.067622229,0.067446877,0.067201727,0.06899359,0.068316804,0.067449619,0.070718706,0.0,0.0
CO2 emissions (metric tons per capita),EN.ATM.CO2E.PC,Chad,TCD,0.065400579,0.061036515,0.06633775,0.0696142,0.069589249,0.068796116,0.06874084,0.070046969,0.067924102,0.069131598,0.0,0.0
CO2 emissions (metric tons per capita),EN.ATM.CO2E.PC,Channel Islands,CHI,0.0,0.0,0.0,0.0,0.0,0.0,0.0,0.0,0.0,0.0,0.0,0.0
CO2 emissions (metric tons per capita),EN.ATM.CO2E.PC,Chile,CHL,2.290838222,3.247220928,4.437266212,4.510826472,4.720140459,4.301488448,4.561654853,4.73170736,4.712395783,4.624872245,0.0,0.0
CO2 emissions (metric tons per capita),EN.ATM.CO2E.PC,China,CHN,1.914542564,2.648479977,6.898147632,7.039787622,7.289017341,7.212791393,7.124222747,7.071898486,7.174947984,7.352262682,0.0,0.0
CO2 emissions (metric tons per capita),EN.ATM.CO2E.PC,Colombia,COL,1.476018372,1.469090371,1.531007322,1.525532286,1.673065423,1.699465586,1.705152834,1.738659399,1.555106166,1.600650618,0.0,0.0
CO2 emissions (metric tons per capita),EN.ATM.CO2E.PC,Comoros,COM,0.170068854,0.184380059,0.212290787,0.20722096,0.242747579,0.210695427,0.23153061,0.251383552,0.307166816,0.312379103,0.0,0.0
CO2 emissions (metric tons per capita),EN.ATM.CO2E.PC,"Congo, Dem. Rep.",COD,0.091875589,0.019530491,0.037749896,0.035206804,0.05114996,0.064933793,0.037904358,0.026145739,0.028010253,0.026169263,0.0,0.0
CO2 emissions (metric tons per capita),EN.ATM.CO2E.PC,"Congo, Rep.",COG,0.356424553,0.914491818,1.105841803,1.053169074,0.865284504,0.861310987,0.70838841,0.672556252,0.630050555,0.613992586,0.0,0.0
CO2 emissions (metric tons per capita),EN.ATM.CO2E.PC,Costa Rica,CRI,0.920038109,1.249252657,1.603682729,1.589162806,1.640619547,1.632818186,1.555343088,1.649203076,1.652540276,1.652184053,0.0,0.0
CO2 emissions (metric tons per capita),EN.ATM.CO2E.PC,Cote d'Ivoire,CIV,0.227256089,0.384693455,0.284849452,0.366173071,0.383021967,0.395625652,0.411605058,0.39122307,0.424757468,0.395305384,0.0,0.0
CO2 emissions (metric tons per capita),EN.ATM.CO2E.PC,Croatia,HRV,4.255481261,4.039565813,4.447951723,4.091332795,4.004051988,3.855238394,3.968023629,4.058117805,4.238057612,4.055928762,0.0,0.0
CO2 emissions (metric tons per capita),EN.ATM.CO2E.PC,Cuba,CUB,3.341516163,2.534507272,2.53989816,2.562824284,2.424060435,2.377307538,2.427420867,2.509901097,2.262053371,2.202300094,0.0,0.0
CO2 emissions (metric tons per capita),EN.ATM.CO2E.PC,Curacao,CUW,0.0,0.0,0.0,0.0,0.0,0.0,0.0,0.0,0.0,0.0,0.0,0.0
CO2 emissions (metric tons per capita),EN.ATM.CO2E.PC,Cyprus,CYP,5.948219187,7.495059833,6.712083617,6.184771366,5.577576394,5.857864769,5.839858672,6.110124091,6.188092584,6.079400502,0.0,0.0
CO2 emissions (metric tons per capita),EN.ATM.CO2E.PC,Czech Republic,CZE,14.53545339,12.01065269,10.57346318,10.19619372,9.76957796,9.477122227,9.575140818,9.734693175,9.761725917,9.640704998,0.0,0.0
CO2 emissions (metric tons per capita),EN.ATM.CO2E.PC,Denmark,DNK,10.13044504,9.871496377,7.735291816,6.833498701,7.120299943,6.336521381,5.911867775,6.176665194,5.78145978,5.761494164,0.0,0.0
CO2 emissions (metric tons per capita),EN.ATM.CO2E.PC,Djibouti,DJI,0.558949717,0.515624107,0.562277505,0.587465558,0.633989059,0.511846464,0.590810921,0.52738245,0.49782862,0.510989933,0.0,0.0
CO2 emissions (metric tons per capita),EN.ATM.CO2E.PC,Dominica,DMA,0.852006475,1.866475233,2.397337545,3.523409533,2.393725623,2.531966072,2.528977871,2.524296352,2.378953261,2.513053919,0.0,0.0
CO2 emissions (metric tons per capita),EN.ATM.CO2E.PC,Dominican Republic,DOM,1.101844805,2.202727156,2.126723148,2.179053775,2.11480116,2.097355463,2.280756783,2.352434731,2.224840963,2.363757648,0.0,0.0
CO2 emissions (metric tons per capita),EN.ATM.CO2E.PC,Ecuador,ECU,1.52478792,1.685181983,2.328802664,2.367181443,2.510270112,2.582775445,2.511716305,2.365516075,2.249579931,2.3138123,0.0,0.0
CO2 emissions (metric tons per capita),EN.ATM.CO2E.PC,"Egypt, Arab Rep.",EGY,1.546643045,1.639654809,2.385091523,2.457816414,2.380304602,2.395917008,2.444220788,2.477154638,2.474943902,2.502042142,0.0,0.0
CO2 emissions (metric tons per capita),EN.ATM.CO2E.PC,El Salvador,SLV,0.451606562,0.956193433,1.091687764,1.085297315,1.030948236,1.046841968,1.106698196,1.128043653,0.998728265,1.060625411,0.0,0.0
CO2 emissions (metric tons per capita),EN.ATM.CO2E.PC,Equatorial Guinea,GNQ,0.143133868,3.876736283,9.839278277,9.707222037,8.68626511,7.20858472,6.110005776,4.608366984,4.461144462,5.095625096,0.0,0.0
CO2 emissions (metric tons per capita),EN.ATM.CO2E.PC,Eritrea,ERI,0,0.279181805,0.180462226,0.193839951,0.198082983,0.205348482,0.194446721,0.195465323,0.210964653,0.231696216,0.0,0.0
CO2 emissions (metric tons per capita),EN.ATM.CO2E.PC,Estonia,EST,22.31747403,10.60856058,13.59761164,12.68621059,14.55997244,13.55602128,11.68459648,11.89399524,12.35782429,12.103085,0.0,0.0
CO2 emissions (metric tons per capita),EN.ATM.CO2E.PC,Eswatini,SWZ,1.155123337,1.123895002,0.951466798,0.982131689,1.426148947,0.876694715,0.932938902,1.104135211,0.924602243,0.959275668,0.0,0.0
CO2 emissions (metric tons per capita),EN.ATM.CO2E.PC,Ethiopia,ETH,0.048237691,0.053756289,0.083647726,0.09123558,0.107772863,0.125695423,0.127732852,0.144300199,0.145300853,0.149050931,0.0,0.0
CO2 emissions (metric tons per capita),EN.ATM.CO2E.PC,Faroe Islands,FRO,0.0,0.0,0.0,0.0,0.0,0.0,0.0,0.0,0.0,0.0,0.0,0.0
CO2 emissions (metric tons per capita),EN.ATM.CO2E.PC,Fiji,FJI,1.001955873,1.048074564,1.285539075,1.190661973,1.305449849,1.511921676,1.738365614,1.99448422,2.062772092,2.150561976,0.0,0.0
CO2 emissions (metric tons per capita),EN.ATM.CO2E.PC,Finland,FIN,10.94169357,10.64485611,10.22962464,9.126388006,9.227846733,8.451871936,7.814537412,8.318012674,7.808338601,8.04275205,0.0,0.0
CO2 emissions (metric tons per capita),EN.ATM.CO2E.PC,France,FRA,6.122359687,6.12747794,5.104312275,5.12231119,5.10055617,4.592376829,4.666086597,4.686612202,4.727575622,4.619241205,0.0,0.0
CO2 emissions (metric tons per capita),EN.ATM.CO2E.PC,French Polynesia,PYF,0.0,0.0,0.0,0.0,0.0,0.0,0.0,0.0,0.0,0.0,0.0,0.0
CO2 emissions (metric tons per capita),EN.ATM.CO2E.PC,Gabon,GAB,4.349689782,3.801820152,3.347918147,3.332043571,3.136918225,2.919628984,2.813589432,2.843792613,2.276236287,2.175272204,0.0,0.0
CO2 emissions (metric tons per capita),EN.ATM.CO2E.PC,"Gambia, The",GMB,0.198829002,0.182134433,0.243487784,0.241467281,0.2240659,0.2569123,0.254091837,0.246610961,0.243913456,0.249989913,0.0,0.0
CO2 emissions (metric tons per capita),EN.ATM.CO2E.PC,Georgia,GEO,6.974177426,1.169940333,1.735685453,1.928196018,2.108848881,2.277240447,2.469615674,2.58886306,2.583151735,2.538541691,0.0,0.0
CO2 emissions (metric tons per capita),EN.ATM.CO2E.PC,Germany,DEU,12.02660923,10.09688327,9.29779082,9.449949925,9.642558947,9.10678233,9.087290939,9.073006389,8.858293699,8.558389812,0.0,0.0
CO2 emissions (metric tons per capita),EN.ATM.CO2E.PC,Ghana,GHA,0.188854549,0.297735601,0.480941312,0.546997679,0.564123667,0.527833773,0.543283052,0.495401526,0.507529429,0.541201382,0.0,0.0
CO2 emissions (metric tons per capita),EN.ATM.CO2E.PC,Gibraltar,GIB,0.0,0.0,0.0,0.0,0.0,0.0,0.0,0.0,0.0,0.0,0.0,0.0
CO2 emissions (metric tons per capita),EN.ATM.CO2E.PC,Greece,GRC,7.416057913,8.741595261,7.613756775,7.251237686,6.609995923,6.385178381,6.285069342,6.203617289,6.211250006,6.08317505,0.0,0.0
CO2 emissions (metric tons per capita),EN.ATM.CO2E.PC,Greenland,GRL,0.0,0.0,0.0,0.0,0.0,0.0,0.0,0.0,0.0,0.0,0.0,0.0
CO2 emissions (metric tons per capita),EN.ATM.CO2E.PC,Grenada,GRD,1.141931733,2.042066571,2.715711797,3.908722034,2.958251673,2.295684114,2.46343622,2.539383111,2.615581651,2.691814193,0.0,0.0
CO2 emissions (metric tons per capita),EN.ATM.CO2E.PC,Guam,GUM,0.0,0.0,0.0,0.0,0.0,0.0,0.0,0.0,0.0,0.0,0.0,0.0
CO2 emissions (metric tons per capita),EN.ATM.CO2E.PC,Guatemala,GTM,0.434248626,0.81278639,0.808455592,0.821948835,0.864797689,0.911388475,1.049628073,1.103130021,1.026267857,1.113969273,0.0,0.0
CO2 emissions (metric tons per capita),EN.ATM.CO2E.PC,Guinea,GIN,0.157423742,0.180809115,0.251428464,0.233758216,0.200131812,0.200879385,0.222181479,0.241088377,0.246115273,0.251323233,0.0,0.0
CO2 emissions (metric tons per capita),EN.ATM.CO2E.PC,Guinea-Bissau,GNB,0.174311597,0.12486421,0.159949226,0.155765084,0.157742199,0.165442295,0.161178259,0.168309177,0.164100679,0.165394728,0.0,0.0
CO2 emissions (metric tons per capita),EN.ATM.CO2E.PC,Guyana,GUY,1.587502321,2.22306145,2.433416796,2.647645978,2.607730208,2.698556796,2.671242962,2.994698994,2.992706568,3.13219265,0.0,0.0
CO2 emissions (metric tons per capita),EN.ATM.CO2E.PC,Haiti,HTI,0.144929287,0.173680812,0.27721894,0.243880502,0.26248304,0.290074696,0.31040976,0.313653831,0.306855526,0.299374738,0.0,0.0
CO2 emissions (metric tons per capita),EN.ATM.CO2E.PC,Honduras,HND,0.496437957,0.766597054,1.03529556,1.05778565,1.061541686,1.056324778,1.083079554,1.013936886,0.954500448,1.019032757,0.0,0.0
CO2 emissions (metric tons per capita),EN.ATM.CO2E.PC,"Hong Kong SAR, China",HKG,0.0,0.0,0.0,0.0,0.0,0.0,0.0,0.0,0.0,0.0,0.0,0.0
CO2 emissions (metric tons per capita),EN.ATM.CO2E.PC,Hungary,HUN,6.498947174,5.350127818,4.704300469,4.377864437,4.120050759,4.117988322,4.407180392,4.532290173,4.755839977,4.745506244,0.0,0.0
CO2 emissions (metric tons per capita),EN.ATM.CO2E.PC,Iceland,ISL,7.65228038,7.930157714,5.924504881,5.799523566,6.269999135,6.261721637,6.227045327,6.171017681,6.319161328,6.237224322,0.0,0.0
CO2 emissions (metric tons per capita),EN.ATM.CO2E.PC,India,IND,0.644102026,0.88982752,1.408315593,1.507820975,1.535560059,1.649327519,1.641198393,1.648359053,1.7191902,1.799825446,0.0,0.0
CO2 emissions (metric tons per capita),EN.ATM.CO2E.PC,Indonesia,IDN,0.815761138,1.324594286,1.960133257,1.959133194,1.804251041,1.920799967,1.899658692,1.89244089,2.01367107,2.178461553,0.0,0.0
CO2 emissions (metric tons per capita),EN.ATM.CO2E.PC,"Iran, Islamic Rep.",IRN,3.179919204,5.192507788,7.526365761,7.56050966,7.746663092,7.88309479,7.672481325,7.613494401,7.694930979,7.693012599,0.0,0.0
CO2 emissions (metric tons per capita),EN.ATM.CO2E.PC,Iraq,IRQ,3.722922057,3.173517079,4.264563037,4.761992564,4.902424856,4.906435262,4.559450509,4.70764886,4.641199885,4.895195361,0.0,0.0
CO2 emissions (metric tons per capita),EN.ATM.CO2E.PC,Ireland,IRL,8.821920709,11.20053906,7.938719028,8.066036269,7.7252209,7.632456943,7.866937107,8.140330807,7.806734135,7.624325193,0.0,0.0
CO2 emissions (metric tons per capita),EN.ATM.CO2E.PC,Isle of Man,IMN,0.0,0.0,0.0,0.0,0.0,0.0,0.0,0.0,0.0,0.0,0.0,0.0
CO2 emissions (metric tons per capita),EN.ATM.CO2E.PC,Israel,ISR,7.253218884,9.063444109,8.990702825,9.61506858,8.313170792,7.876383023,7.892507249,7.636321086,7.579217977,6.976403837,0.0,0.0
CO2 emissions (metric tons per capita),EN.ATM.CO2E.PC,Italy,ITA,7.145018163,7.662168039,6.680594156,6.327708948,5.751739866,5.387310957,5.56325971,5.498165205,5.437857549,5.376374339,0.0,0.0
CO2 emissions (metric tons per capita),EN.ATM.CO2E.PC,Jamaica,JAM,3.086903142,3.78950826,2.68937823,2.501646653,2.651545627,2.573790397,2.521597884,2.666674007,2.461613887,2.899634155,0.0,0.0
CO2 emissions (metric tons per capita),EN.ATM.CO2E.PC,Japan,JPN,8.848215877,9.32609604,9.482449759,9.811406499,9.893679627,9.584053553,9.292832367,9.22394197,9.085639143,8.74225771,0.0,0.0
CO2 emissions (metric tons per capita),EN.ATM.CO2E.PC,Jordan,JOR,2.784720103,3.176186604,2.709171956,2.981472227,2.793757759,2.869212997,2.73671831,2.601973606,2.667119021,2.478595273,0.0,0.0
CO2 emissions (metric tons per capita),EN.ATM.CO2E.PC,Kazakhstan,KAZ,14.53205285,7.705111644,14.62747148,14.3811759,15.04735597,11.87104447,11.77918743,12.5333995,12.50486756,12.06196914,0.0,0.0
CO2 emissions (metric tons per capita),EN.ATM.CO2E.PC,Kenya,KEN,0.258803383,0.257472675,0.301772165,0.273546483,0.30975405,0.321841108,0.356946384,0.3826588,0.376136379,0.358028408,0.0,0.0
CO2 emissions (metric tons per capita),EN.ATM.CO2E.PC,Kiribati,KIR,0.276265989,0.473905574,0.477395331,0.564127154,0.55613744,0.548511249,0.540896265,0.71092785,0.70081382,0.690595812,0.0,0.0
CO2 emissions (metric tons per capita),EN.ATM.CO2E.PC,"Korea, Dem. People's Rep.",PRK,6.079419183,3.132267246,1.501212318,1.552379419,1.11594697,1.253901331,1.004612801,1.188967848,0.880069286,0.709208588,0.0,0.0
CO2 emissions (metric tons per capita),EN.ATM.CO2E.PC,"Korea, Rep.",KOR,5.814186349,9.693859002,11.9609574,11.93150904,11.85114256,11.54755823,11.88886857,12.00324817,12.17536474,12.22459136,0.0,0.0
CO2 emissions (metric tons per capita),EN.ATM.CO2E.PC,Kosovo,XKX,0.0,0.0,0.0,0.0,0.0,0.0,0.0,0.0,0.0,0.0,0.0,0.0
CO2 emissions (metric tons per capita),EN.ATM.CO2E.PC,Kuwait,KWT,13.95948171,23.06462741,25.61825019,24.96079253,24.17775499,22.64464409,22.9534559,22.71496959,22.11975932,21.62272431,0.0,0.0
CO2 emissions (metric tons per capita),EN.ATM.CO2E.PC,Kyrgyz Republic,KGZ,5.18309346,0.95337253,1.38178653,1.794121843,1.639974823,1.663953389,1.7240511,1.595525948,1.506889097,1.73973556,0.0,0.0
CO2 emissions (metric tons per capita),EN.ATM.CO2E.PC,Lao PDR,LAO,0.119761295,0.169055324,0.478923883,0.507407293,0.597740328,0.665686411,1.284645373,2.243695741,2.662148349,2.660908493,0.0,0.0
CO2 emissions (metric tons per capita),EN.ATM.CO2E.PC,Latvia,LVA,7.051796913,2.927076514,3.835493266,3.721146978,3.701592977,3.651352054,3.701592949,3.648821125,3.665855236,3.959165078,0.0,0.0
CO2 emissions (metric tons per capita),EN.ATM.CO2E.PC,Lebanon,LBN,2.004971759,4.077783393,4.071493738,4.240088702,3.930312382,3.983359969,4.140719561,4.141917802,4.293649871,4.039707217,0.0,0.0
CO2 emissions (metric tons per capita),EN.ATM.CO2E.PC,Lesotho,LSO,0.815844043,0.860879425,1.102908334,1.131520386,1.128897407,1.130442272,1.083044238,1.093954288,1.166608974,1.218975994,0.0,0.0
CO2 emissions (metric tons per capita),EN.ATM.CO2E.PC,Liberia,LBR,0.216771672,0.150959453,0.211577206,0.229709294,0.214201463,0.279848093,0.281738703,0.307404659,0.267958311,0.273917114,0.0,0.0
CO2 emissions (metric tons per capita),EN.ATM.CO2E.PC,Libya,LBY,8.134492072,7.441358011,6.090496616,8.320405947,8.700467537,9.383784035,8.388494488,7.883354692,8.632790044,8.825249137,0.0,0.0
CO2 emissions (metric tons per capita),EN.ATM.CO2E.PC,Liechtenstein,LIE,6.946856547,6.629701061,4.958814292,5.189130138,5.143475907,4.298879605,4.270652609,3.983534723,4.232244412,3.692177857,0.0,0.0
CO2 emissions (metric tons per capita),EN.ATM.CO2E.PC,Lithuania,LTU,8.713199442,3.003255289,3.910023232,3.992940561,3.830693491,3.703492776,3.810789319,3.904845879,3.966902878,4.137005929,0.0,0.0
CO2 emissions (metric tons per capita),EN.ATM.CO2E.PC,Luxembourg,LUX,29.64514862,19.66536787,21.08626075,20.13387425,18.68006478,17.3461629,16.02867957,15.22300151,15.09216281,15.33020808,0.0,0.0
CO2 emissions (metric tons per capita),EN.ATM.CO2E.PC,"Macao SAR, China",MAC,0.0,0.0,0.0,0.0,0.0,0.0,0.0,0.0,0.0,0.0,0.0,0.0
CO2 emissions (metric tons per capita),EN.ATM.CO2E.PC,Madagascar,MDG,0.076733088,0.104650238,0.100717578,0.122613506,0.127606243,0.129292637,0.136997154,0.129346515,0.13687642,0.128320761,0.0,0.0
CO2 emissions (metric tons per capita),EN.ATM.CO2E.PC,Malawi,MWI,0.076559102,0.078932609,0.076192421,0.072746121,0.076392328,0.067527955,0.071661878,0.079045626,0.084888716,0.086533726,0.0,0.0
CO2 emissions (metric tons per capita),EN.ATM.CO2E.PC,Malaysia,MYS,3.116502968,5.244833936,7.038856147,6.99321172,7.459383568,7.757158614,7.682279042,7.451282159,7.165808462,7.600220413,0.0,0.0
CO2 emissions (metric tons per capita),EN.ATM.CO2E.PC,Maldives,MDV,0.716977581,1.646408682,2.654450936,2.869866652,2.719012878,3.126307417,2.967593875,3.680297789,3.666412838,3.703674976,0.0,0.0
CO2 emissions (metric tons per capita),EN.ATM.CO2E.PC,Mali,MLI,0.049704642,0.128808907,0.201100989,0.19462446,0.18541198,0.184242397,0.195541292,0.24602782,0.272789703,0.294583928,0.0,0.0
CO2 emissions (metric tons per capita),EN.ATM.CO2E.PC,Malta,MLT,6.550526583,5.46032039,6.173907194,6.451950822,5.563811281,5.407793666,3.70742361,2.964713323,3.247870188,3.198316241,0.0,0.0
CO2 emissions (metric tons per capita),EN.ATM.CO2E.PC,Marshall Islands,MHL,0,1.970288056,2.476824004,2.468613345,2.459030791,2.623157232,2.611238772,3.118341043,3.100614955,3.252756283,0.0,0.0
CO2 emissions (metric tons per capita),EN.ATM.CO2E.PC,Mauritania,MRT,0.412908909,0.425820379,0.60856222,0.647501521,0.576293839,0.641075542,0.729060397,0.674907747,0.887315176,0.908407126,0.0,0.0
CO2 emissions (metric tons per capita),EN.ATM.CO2E.PC,Mauritius,MUS,1.095605771,2.047396815,2.906410392,2.970024254,3.034990581,3.132598534,3.136372817,3.197535681,3.305359031,3.264040313,0.0,0.0
CO2 emissions (metric tons per capita),EN.ATM.CO2E.PC,Mexico,MEX,3.189063644,3.887569288,4.157120485,4.099027581,3.954146576,3.808063465,3.87819451,3.885809372,3.781215828,3.741477725,0.0,0.0
CO2 emissions (metric tons per capita),EN.ATM.CO2E.PC,"Micronesia, Fed. Sts.",FSM,0,1.210371957,1.160003093,1.243947716,1.321727309,1.303004356,1.377587569,1.542439777,1.525197154,1.598011364,0.0,0.0
CO2 emissions (metric tons per capita),EN.ATM.CO2E.PC,Moldova,MDA,10.2825876,2.294971959,2.919750909,2.846693324,2.51163819,2.698682161,2.829393233,2.904891566,2.961717622,3.171832063,0.0,0.0
CO2 emissions (metric tons per capita),EN.ATM.CO2E.PC,Monaco,MCO,0.0,0.0,0.0,0.0,0.0,0.0,0.0,0.0,0.0,0.0,0.0,0.0
CO2 emissions (metric tons per capita),EN.ATM.CO2E.PC,Mongolia,MNG,5.93826675,3.754040286,5.67796858,6.067905312,6.377995845,6.16303262,5.769680363,5.944984194,6.252834169,6.725098053,0.0,0.0
CO2 emissions (metric tons per capita),EN.ATM.CO2E.PC,Montenegro,MNE,0,0,4.096252252,3.754425146,3.654176466,3.570222415,3.793242563,3.390631252,3.583060319,4.049968902,0.0,0.0
CO2 emissions (metric tons per capita),EN.ATM.CO2E.PC,Morocco,MAR,0.875946152,1.156156811,1.762865194,1.809463467,1.771281366,1.78870378,1.821795354,1.795806751,1.852941845,1.850726784,0.0,0.0
CO2 emissions (metric tons per capita),EN.ATM.CO2E.PC,Mozambique,MOZ,0.086238147,0.080736566,0.132299742,0.123478276,0.13536378,0.170051257,0.208564448,0.208049391,0.210129447,0.225115201,0.0,0.0
CO2 emissions (metric tons per capita),EN.ATM.CO2E.PC,Myanmar,MMR,0.101366419,0.20548078,0.168266268,0.229316297,0.262089763,0.325932174,0.360853051,0.412666941,0.588207515,0.605492803,0.0,0.0
CO2 emissions (metric tons per capita),EN.ATM.CO2E.PC,Namibia,NAM,0.0,1.081031081,1.539390309,1.612920128,1.710315531,1.759459072,1.844571323,1.848990095,1.802197016,1.735898378,0.0,0.0
CO2 emissions (metric tons per capita),EN.ATM.CO2E.PC,Nauru,NRU,13.67557332,8.708272859,3.972589135,3.946329913,4.898119122,4.859558752,4.819741662,5.728470498,6.618133686,6.555534744,0.0,0.0
CO2 emissions (metric tons per capita),EN.ATM.CO2E.PC,Nepal,NPL,0.049721033,0.13449675,0.192299016,0.222311476,0.226252791,0.264996832,0.239126119,0.342583453,0.399165018,0.428179218,0.0,0.0
CO2 emissions (metric tons per capita),EN.ATM.CO2E.PC,Netherlands,NLD,9.92207476,10.19119447,9.517120693,9.401394047,9.349914356,8.887632902,9.333572532,9.293428178,9.100887639,8.772823734,0.0,0.0
CO2 emissions (metric tons per capita),EN.ATM.CO2E.PC,New Caledonia,NCL,0.0,0.0,0.0,0.0,0.0,0.0,0.0,0.0,0.0,0.0,0.0,0.0
CO2 emissions (metric tons per capita),EN.ATM.CO2E.PC,New Zealand,NZL,6.700102108,7.647043575,6.92290146,7.261631996,7.147520317,7.038636112,6.983555343,6.614199953,6.838956291,6.572664572,0.0,0.0
CO2 emissions (metric tons per capita),EN.ATM.CO2E.PC,Nicaragua,NIC,0.462448798,0.743690956,0.808058905,0.783949266,0.740623199,0.774899255,0.846826586,0.853430457,0.845752981,0.805815233,0.0,0.0
CO2 emissions (metric tons per capita),EN.ATM.CO2E.PC,Niger,NER,0.074751526,0.059126893,0.082384981,0.106208362,0.096734341,0.102909629,0.09849181,0.094762615,0.09582274,0.102037038,0.0,0.0
CO2 emissions (metric tons per capita),EN.ATM.CO2E.PC,Nigeria,NGA,0.71261686,0.622077226,0.627068885,0.602049397,0.644598562,0.658711745,0.597060396,0.583027843,0.591596789,0.667110199,0.0,0.0
CO2 emissions (metric tons per capita),EN.ATM.CO2E.PC,North Macedonia,MKD,4.303137233,4.352653786,4.682932896,4.429793833,3.992186168,3.763051574,3.613132093,3.565759063,3.788861134,3.549725294,0.0,0.0
CO2 emissions (metric tons per capita),EN.ATM.CO2E.PC,Northern Mariana Islands,MNP,0.0,0.0,0.0,0.0,0.0,0.0,0.0,0.0,0.0,0.0,0.0,0.0
CO2 emissions (metric tons per capita),EN.ATM.CO2E.PC,Norway,NOR,6.884400773,7.588566115,8.108073186,7.793051929,7.522211786,7.451483601,7.447085509,7.249949804,6.992651841,7.031361189,0.0,0.0
CO2 emissions (metric tons per capita),EN.ATM.CO2E.PC,Oman,OMN,6.561238038,9.938389919,16.11146005,16.76657525,16.20004223,16.00842261,16.00528292,15.52503484,14.98094912,15.19212436,0.0,0.0
CO2 emissions (metric tons per capita),EN.ATM.CO2E.PC,Pakistan,PAK,0.567126621,0.691074356,0.772553017,0.767566767,0.758649973,0.786820566,0.820300353,0.886749485,0.950909547,0.981820105,0.0,0.0
CO2 emissions (metric tons per capita),EN.ATM.CO2E.PC,Palau,PLW,0,10.99246231,12.3957629,11.90813723,12.49786968,12.4822695,12.45400509,14.67434248,15.16087372,16.19116744,0.0,0.0
CO2 emissions (metric tons per capita),EN.ATM.CO2E.PC,Panama,PAN,1.088651877,1.742382768,2.695280346,2.774068559,2.766300773,2.891335759,2.696239628,2.6677744,2.495882403,2.42765632,0.0,0.0
CO2 emissions (metric tons per capita),EN.ATM.CO2E.PC,Papua New Guinea,PNG,0.470119976,0.482249953,0.68922175,0.642117425,0.671512513,0.738668331,0.793066209,0.922414875,0.912534407,0.866804457,0.0,0.0
CO2 emissions (metric tons per capita),EN.ATM.CO2E.PC,Paraguay,PRY,0.49012493,0.661256139,0.824126249,0.806663853,0.814097965,0.853091829,0.952345926,1.054902434,1.164982151,1.210453778,0.0,0.0
CO2 emissions (metric tons per capita),EN.ATM.CO2E.PC,Peru,PER,0.934692369,1.074454277,1.66004233,1.639283704,1.663196859,1.755046431,1.766284697,1.827909662,1.717004408,1.69681923,0.0,0.0
CO2 emissions (metric tons per capita),EN.ATM.CO2E.PC,Philippines,PHL,0.659825325,0.938432506,0.883854313,0.90584929,0.989162121,1.038769688,1.113176292,1.205049261,1.298718327,1.33369096,0.0,0.0
CO2 emissions (metric tons per capita),EN.ATM.CO2E.PC,Poland,POL,9.189525421,7.729236717,8.159838143,7.969647505,7.842493766,7.517152269,7.609299873,7.894108855,8.237562431,8.235472255,0.0,0.0
CO2 emissions (metric tons per capita),EN.ATM.CO2E.PC,Portugal,PRT,4.113903954,5.99228486,4.723629323,4.585897803,4.452394238,4.415895223,4.812669843,4.72231143,5.177519101,4.840612761,0.0,0.0
CO2 emissions (metric tons per capita),EN.ATM.CO2E.PC,Puerto Rico,PRI,0.0,0.0,0.0,0.0,0.0,0.0,0.0,0.0,0.0,0.0,0.0,0.0
CO2 emissions (metric tons per capita),EN.ATM.CO2E.PC,Qatar,QAT,26.32932654,36.67714826,32.30572603,33.37313156,31.92701809,32.69353229,32.47056953,32.128042,32.17937063,32.41563917,0.0,0.0
CO2 emissions (metric tons per capita),EN.ATM.CO2E.PC,Romania,ROU,7.440359782,3.960259985,4.16676428,4.074676308,3.603438063,3.586823815,3.678916669,3.610752001,3.782790244,3.845132759,0.0,0.0
CO2 emissions (metric tons per capita),EN.ATM.CO2E.PC,Russian Federation,RUS,14.63052427,10.16051714,11.62401683,11.63994391,11.31666091,11.17274176,10.80890931,10.60603144,10.77664459,11.12661837,0.0,0.0
CO2 emissions (metric tons per capita),EN.ATM.CO2E.PC,Rwanda,RWA,0.071341521,0.065543288,0.06314767,0.068248593,0.072145147,0.073080757,0.081800915,0.089983322,0.087639054,0.087790824,0.0,0.0
CO2 emissions (metric tons per capita),EN.ATM.CO2E.PC,Samoa,WSM,0.675688127,0.859825513,1.066843051,1.057702986,1.048701707,1.092498179,1.240245982,1.542099311,1.535642257,1.631587535,0.0,0.0
CO2 emissions (metric tons per capita),EN.ATM.CO2E.PC,San Marino,SMR,0.0,0.0,0.0,0.0,0.0,0.0,0.0,0.0,0.0,0.0,0.0,0.0
CO2 emissions (metric tons per capita),EN.ATM.CO2E.PC,Sao Tome and Principe,STP,0.419424382,0.351459259,0.541943735,0.636962961,0.624752702,0.613098857,0.601687734,0.590490156,0.627758516,0.663406498,0.0,0.0
CO2 emissions (metric tons per capita),EN.ATM.CO2E.PC,Saudi Arabia,SAU,10.24961152,11.82452052,16.15525002,16.76390245,16.61716479,17.36316244,17.69171234,17.1603242,16.33476362,15.26878053,0.0,0.0
CO2 emissions (metric tons per capita),EN.ATM.CO2E.PC,Senegal,SEN,0.309580822,0.414381656,0.580796995,0.556633754,0.58117477,0.604596628,0.636556012,0.661619418,0.620648569,0.621912357,0.0,0.0
CO2 emissions (metric tons per capita),EN.ATM.CO2E.PC,Serbia,SRB,8.161086211,5.852577835,7.023680489,6.313309331,6.441813188,5.430136359,6.36470223,6.551132125,6.680095225,6.521922194,0.0,0.0
CO2 emissions (metric tons per capita),EN.ATM.CO2E.PC,Seychelles,SYC,2.158056023,7.148931974,4.5745131,5.096089601,4.558138501,5.035081382,5.352230274,5.703602776,6.155900796,6.407474008,0.0,0.0
CO2 emissions (metric tons per capita),EN.ATM.CO2E.PC,Sierra Leone,SLE,0.078708022,0.087249186,0.11732014,0.132586756,0.155886349,0.168159366,0.131066917,0.130989244,0.129533212,0.133330736,0.0,0.0
CO2 emissions (metric tons per capita),EN.ATM.CO2E.PC,Singapore,SGP,9.753433721,10.57129954,8.636708073,8.224097528,8.134595702,8.128380884,8.220412567,8.232150937,8.451151436,8.399134832,0.0,0.0
CO2 emissions (metric tons per capita),EN.ATM.CO2E.PC,Sint Maarten (Dutch part),SXM,0.0,0.0,0.0,0.0,0.0,0.0,0.0,0.0,0.0,0.0,0.0,0.0
CO2 emissions (metric tons per capita),EN.ATM.CO2E.PC,Slovak Republic,SVK,10.34309603,7.064757493,6.322262366,5.986042922,6.084908301,5.619481904,5.669455793,5.80025256,6.173665694,6.058635474,0.0,0.0
CO2 emissions (metric tons per capita),EN.ATM.CO2E.PC,Slovenia,SVN,6.771226142,7.310481793,7.662544091,7.374247688,7.087540347,6.38706486,6.382264187,6.745625513,6.842858166,6.774695332,0.0,0.0
CO2 emissions (metric tons per capita),EN.ATM.CO2E.PC,Solomon Islands,SLB,0.480971177,0.581585548,0.646326465,0.647405164,0.682618946,0.579138412,0.51398282,0.581171966,0.550288508,0.566740598,0.0,0.0
CO2 emissions (metric tons per capita),EN.ATM.CO2E.PC,Somalia,SOM,0.101036818,0.055228381,0.050903723,0.049545881,0.049756153,0.048422286,0.047110994,0.04652594,0.045239052,0.04597479,0.0,0.0
CO2 emissions (metric tons per capita),EN.ATM.CO2E.PC,South Africa,ZAF,6.729798587,6.331876384,7.867123605,8.076633054,8.13733274,8.213157978,7.671201555,7.564450881,7.632729355,7.496644895,0.0,0.0
CO2 emissions (metric tons per capita),EN.ATM.CO2E.PC,South Sudan,SSD,0,0,0,0.140404333,0.140028566,0.144956618,0.183843137,0.159704298,0.13931184,0.125729734,0.0,0.0
CO2 emissions (metric tons per capita),EN.ATM.CO2E.PC,Spain,ESP,5.53215372,7.230107062,5.87043576,5.756947029,5.208060181,5.18406686,5.517944386,5.314294607,5.654039569,5.5203504,0.0,0.0
CO2 emissions (metric tons per capita),EN.ATM.CO2E.PC,Sri Lanka,LKA,0.221635184,0.582076331,0.755938085,0.823990208,0.703424824,0.847049764,0.970910825,1.034287601,1.087017348,0.99815413,0.0,0.0
CO2 emissions (metric tons per capita),EN.ATM.CO2E.PC,St. Kitts and Nevis,KNA,2.732240437,4.310051494,5.258686946,7.016699745,4.570020664,4.52969907,4.687133818,4.842239826,4.61219156,4.958236393,0.0,0.0
CO2 emissions (metric tons per capita),EN.ATM.CO2E.PC,St. Lucia,LCA,1.231714474,2.296841205,2.164773439,2.943607278,1.802766119,2.01898972,2.12135253,1.944142022,2.044707248,2.14415306,0.0,0.0
CO2 emissions (metric tons per capita),EN.ATM.CO2E.PC,St. Martin (French part),MAF,0.0,0.0,0.0,0.0,0.0,0.0,0.0,0.0,0.0,0.0,0.0,0.0
CO2 emissions (metric tons per capita),EN.ATM.CO2E.PC,St. Vincent and the Grenadines,VCT,0.744262204,1.484409066,2.123436274,3.688845852,2.025335101,2.663776316,2.015851927,2.466496752,2.458434251,2.540604301,0.0,0.0
CO2 emissions (metric tons per capita),EN.ATM.CO2E.PC,Sudan,SDN,0.266533092,0.203482901,0.434233117,0.420237941,0.391124917,0.403658393,0.457548873,0.513960335,0.498365757,0.483235878,0.0,0.0
CO2 emissions (metric tons per capita),EN.ATM.CO2E.PC,Suriname,SUR,4.294504269,3.142624176,3.643654342,4.508108128,4.184215094,4.771561493,4.918302524,4.089342395,3.733560502,3.611192614,0.0,0.0
CO2 emissions (metric tons per capita),EN.ATM.CO2E.PC,Sweden,SWE,6.233324979,6.005336499,4.718911511,4.427812165,4.223791582,4.03254501,4.000332272,3.909066586,3.811011227,3.538009127,0.0,0.0
CO2 emissions (metric tons per capita),EN.ATM.CO2E.PC,Switzerland,CHE,6.452219106,6.084142395,5.205754311,5.310833838,5.37497098,4.851838197,4.712404478,4.730490994,4.569419203,4.401991044,0.0,0.0
CO2 emissions (metric tons per capita),EN.ATM.CO2E.PC,Syrian Arab Republic,SYR,2.375831662,2.408772686,2.652523165,2.250125386,1.559366296,1.446764904,1.446874775,1.514980876,1.702185507,1.647087511,0.0,0.0
CO2 emissions (metric tons per capita),EN.ATM.CO2E.PC,Tajikistan,TJK,2.085615856,0.353906622,0.329976965,0.37969035,0.392070158,0.541632517,0.563045813,0.687937716,0.717320532,0.80541954,0.0,0.0
CO2 emissions (metric tons per capita),EN.ATM.CO2E.PC,Tanzania,TZA,0.074988549,0.088061865,0.178659319,0.209763311,0.222964143,0.214569239,0.227066841,0.205846528,0.207828911,0.205634733,0.0,0.0
CO2 emissions (metric tons per capita),EN.ATM.CO2E.PC,Thailand,THA,1.565820805,2.591471979,3.474905699,3.715875276,3.851520326,3.779437929,3.82859407,3.780122324,3.766228713,3.714039204,0.0,0.0
CO2 emissions (metric tons per capita),EN.ATM.CO2E.PC,Timor-Leste,TLS,0,0,0.224587074,0.264783293,0.398859608,0.451320026,0.5099081,0.565903572,0.482602191,0.504741813,0.0,0.0
CO2 emissions (metric tons per capita),EN.ATM.CO2E.PC,Togo,TGO,0.257000617,0.257899125,0.380537176,0.329209261,0.251627635,0.222751565,0.248526524,0.30626028,0.268884387,0.286471389,0.0,0.0
CO2 emissions (metric tons per capita),EN.ATM.CO2E.PC,Tonga,TON,0.841494073,1.020803985,1.062206686,1.070705498,1.179152582,1.088860952,1.091486406,1.483048753,1.764671281,1.841103111,0.0,0.0
CO2 emissions (metric tons per capita),EN.ATM.CO2E.PC,Trinidad and Tobago,TTO,11.55495647,11.33243737,17.35544612,16.4483713,16.79091798,16.08999829,15.51448846,13.23351455,13.14249382,12.77844012,0.0,0.0
CO2 emissions (metric tons per capita),EN.ATM.CO2E.PC,Tunisia,TUN,1.668181375,2.155876793,2.394368505,2.459667854,2.444090628,2.605937977,2.653857785,2.564592069,2.614261782,2.592258865,0.0,0.0
CO2 emissions (metric tons per capita),EN.ATM.CO2E.PC,Turkey,TUR,2.581889114,3.425353078,4.326061043,4.405564525,4.190557754,4.410763371,4.47717596,4.692471556,5.127196701,5.01541837,0.0,0.0
CO2 emissions (metric tons per capita),EN.ATM.CO2E.PC,Turkmenistan,TKM,12.12005066,8.159644722,12.25532829,12.58564599,12.63049775,12.71238222,12.95172231,12.71905356,12.49811773,12.25964817,0.0,0.0
CO2 emissions (metric tons per capita),EN.ATM.CO2E.PC,Turks and Caicos Islands,TCA,0.0,0.0,0.0,0.0,0.0,0.0,0.0,0.0,0.0,0.0,0.0,0.0
CO2 emissions (metric tons per capita),EN.ATM.CO2E.PC,Tuvalu,TUV,1.122334456,1.064735945,0.941087898,0.930752048,0.92174394,0.911327805,0.90098207,0.89031339,0.879894413,0.86918731,0.0,0.0
CO2 emissions (metric tons per capita),EN.ATM.CO2E.PC,Uganda,UGA,0.04552161,0.056236408,0.124265267,0.11314083,0.119626209,0.128415159,0.127140436,0.143004244,0.141862619,0.143462178,0.0,0.0
CO2 emissions (metric tons per capita),EN.ATM.CO2E.PC,Ukraine,UKR,13.27040704,6.04719734,6.203112645,6.08180905,5.904640106,5.248479998,4.227086146,4.471757855,3.899968181,4.154180631,0.0,0.0
CO2 emissions (metric tons per capita),EN.ATM.CO2E.PC,United Arab Emirates,ARE,30.29910246,26.97453501,18.5899326,19.22311613,20.0154209,19.95185248,20.94809226,21.30760952,21.95061433,20.7974984,0.0,0.0
CO2 emissions (metric tons per capita),EN.ATM.CO2E.PC,United Kingdom,GBR,9.724252827,9.001483618,7.025424601,7.332471327,7.064902559,6.421598191,6.148544958,5.774741668,5.546265944,5.398708138,0.0,0.0
CO2 emissions (metric tons per capita),EN.ATM.CO2E.PC,United States,USA,19.40922912,20.4719331,16.59940374,15.77114462,16.10295784,16.02637907,15.53534211,15.13174682,14.80588242,15.24087458,0.0,0.0
CO2 emissions (metric tons per capita),EN.ATM.CO2E.PC,Uruguay,URY,1.23810216,1.644710088,2.25888013,2.521474708,2.171452714,1.911517895,1.931411164,1.90704875,1.769167313,1.890244079,0.0,0.0
CO2 emissions (metric tons per capita),EN.ATM.CO2E.PC,Uzbekistan,UZB,5.742077036,4.936633888,4.261845846,3.737762179,3.74067559,3.427109309,3.24388397,3.370708901,3.438864292,3.401191282,0.0,0.0
CO2 emissions (metric tons per capita),EN.ATM.CO2E.PC,Vanuatu,VUT,0.477571209,0.486581173,0.535733419,0.480952286,0.42862097,0.606317832,0.516361276,0.646723626,0.595448671,0.615016657,0.0,0.0
CO2 emissions (metric tons per capita),EN.ATM.CO2E.PC,"Venezuela, RB",VEN,5.252470818,5.555039095,5.891053315,6.264469322,6.3019949,6.269352903,5.780234026,5.428918569,5.058756948,4.782754887,0.0,0.0
CO2 emissions (metric tons per capita),EN.ATM.CO2E.PC,Vietnam,VNM,0.270779674,0.629580043,1.676805213,1.639942555,1.692844192,1.837890351,2.257300246,2.390740709,2.348081292,2.698805922,0.0,0.0
CO2 emissions (metric tons per capita),EN.ATM.CO2E.PC,Virgin Islands (U.S.),VIR,0.0,0.0,0.0,0.0,0.0,0.0,0.0,0.0,0.0,0.0,0.0,0.0
CO2 emissions (metric tons per capita),EN.ATM.CO2E.PC,West Bank and Gaza,PSE,0.0,0.0,0.0,0.0,0.0,0.0,0.0,0.0,0.0,0.0,0.0,0.0
CO2 emissions (metric tons per capita),EN.ATM.CO2E.PC,"Yemen, Rep.",YEM,0.56703735,0.79785992,0.86905073,0.804145731,1.047834042,1.034329677,0.536269296,0.400468047,0.361417938,0.326681763,0.0,0.0
CO2 emissions (metric tons per capita),EN.ATM.CO2E.PC,Zambia,ZMB,0.340929635,0.173772089,0.218209839,0.277909358,0.284057583,0.311692501,0.319282188,0.341615023,0.414747987,0.446065443,0.0,0.0
CO2 emissions (metric tons per capita),EN.ATM.CO2E.PC,Zimbabwe,ZWE,1.584485424,1.153054813,0.891089823,0.923359696,0.925816482,0.894256225,0.89759836,0.783302583,0.718570496,0.849792905,0.0,0.0
CO2 emissions (metric tons per capita),EN.ATM.CO2E.PC,Africa Eastern and Southern,AFE,1.017504843,0.90039915,1.00533811,1.021646329,1.031833091,1.041144792,0.987393167,0.971016455,0.959978017,0.933541201,0.0,0.0
CO2 emissions (metric tons per capita),EN.ATM.CO2E.PC,Africa Western and Central,AFW,0.440470203,0.44724362,0.497022584,0.490866787,0.504655299,0.507671121,0.480743071,0.472959364,0.476437769,0.515544239,0.0,0.0
CO2 emissions (metric tons per capita),EN.ATM.CO2E.PC,Arab World,ARB,2.870778858,3.163304937,4.308740507,4.512189409,4.495194439,4.600190659,4.617963545,4.57030837,4.528350612,4.438715965,0.0,0.0
CO2 emissions (metric tons per capita),EN.ATM.CO2E.PC,Caribbean small states,CSS,4.714389221,5.03110009,5.85842352,6.061385847,5.811900779,5.605397575,5.462326768,5.032062547,4.876310944,5.017034408,0.0,0.0
CO2 emissions (metric tons per capita),EN.ATM.CO2E.PC,Central Europe and the Baltics,CEB,8.928048339,6.534386527,6.803902523,6.562543062,6.326934971,6.142062501,6.249982689,6.372489936,6.625943967,6.597232486,0.0,0.0
CO2 emissions (metric tons per capita),EN.ATM.CO2E.PC,Early-demographic dividend,EAR,1.279486681,1.560984792,2.065930584,2.131382799,2.125598135,2.203573699,2.194776637,2.199832227,2.247696677,2.27814572,0.0,0.0
CO2 emissions (metric tons per capita),EN.ATM.CO2E.PC,East Asia & Pacific,EAS,2.494467181,3.16843593,6.03338434,6.140533879,6.282522892,6.221853048,6.169123176,6.140696976,6.210897145,6.333892853,0.0,0.0
CO2 emissions (metric tons per capita),EN.ATM.CO2E.PC,East Asia & Pacific (excluding high income),EAP,1.664181237,2.27399406,5.303513307,5.402903642,5.560037957,5.531295897,5.485853728,5.457489305,5.538054938,5.692966704,0.0,0.0
CO2 emissions (metric tons per capita),EN.ATM.CO2E.PC,East Asia & Pacific (IDA & IBRD countries),TEA,1.607822569,2.263169084,5.351549925,5.451374895,5.615794023,5.584800696,5.541753014,5.510622036,5.595869743,5.754705895,0.0,0.0
CO2 emissions (metric tons per capita),EN.ATM.CO2E.PC,Euro area,EMU,8.426550227,8.193095564,7.179990668,7.077063508,6.914721029,6.523711594,6.646295189,6.617182762,6.613176931,6.454837567,0.0,0.0
CO2 emissions (metric tons per capita),EN.ATM.CO2E.PC,Europe & Central Asia,ECS,9.476404188,7.482233767,7.364106235,7.290740866,7.108912056,6.768822481,6.694389172,6.685451312,6.722143563,6.690480926,0.0,0.0
CO2 emissions (metric tons per capita),EN.ATM.CO2E.PC,Europe & Central Asia (excluding high income),ECA,10.47297863,6.642567475,7.600183593,7.535649836,7.341913267,7.082278352,6.847536465,6.877673952,6.974274751,7.074186513,0.0,0.0
CO2 emissions (metric tons per capita),EN.ATM.CO2E.PC,Europe & Central Asia (IDA & IBRD countries),TEC,10.28726899,6.710834896,7.616886641,7.538779871,7.351792229,7.087703217,6.883912227,6.935853083,7.053763183,7.142551871,0.0,0.0
CO2 emissions (metric tons per capita),EN.ATM.CO2E.PC,European Union,EUU,8.472880884,7.831506747,7.072379569,6.927204679,6.742973717,6.400223817,6.516388833,6.51892253,6.559142922,6.424038741,0.0,0.0
CO2 emissions (metric tons per capita),EN.ATM.CO2E.PC,Fragile and conflict affected situations,FCS,1.013529026,0.879276031,0.900283901,0.936360375,0.941897371,0.952647594,0.88060785,0.863007498,0.858046834,0.868444604,0.0,0.0
CO2 emissions (metric tons per capita),EN.ATM.CO2E.PC,Heavily indebted poor countries (HIPC),HPC,0.153418229,0.16759215,0.245746608,0.248699655,0.249568122,0.257196864,0.263170205,0.267501973,0.269329933,0.271687567,0.0,0.0
CO2 emissions (metric tons per capita),EN.ATM.CO2E.PC,High income,HIC,11.44156557,12.09310058,11.02048245,10.83243162,10.85233803,10.6179137,10.51965714,10.37375995,10.26509708,10.25453315,0.0,0.0
CO2 emissions (metric tons per capita),EN.ATM.CO2E.PC,IBRD only,IBD,2.57133474,2.515438075,4.179312224,4.262940384,4.328433708,4.323545653,4.260951375,4.232884213,4.286637075,4.373767894,0.0,0.0
CO2 emissions (metric tons per capita),EN.ATM.CO2E.PC,IDA & IBRD total,IBT,2.17135316,2.079591861,3.308580397,3.360309317,3.401717784,3.390799912,3.334134215,3.308646228,3.345407897,3.404587801,0.0,0.0
CO2 emissions (metric tons per capita),EN.ATM.CO2E.PC,IDA blend,IDB,0.993315,0.923255664,0.886579606,0.836484338,0.847874105,0.845222431,0.827312986,0.856887661,0.883748917,0.920386827,0.0,0.0
CO2 emissions (metric tons per capita),EN.ATM.CO2E.PC,IDA only,IDX,0.250988842,0.232368203,0.327341327,0.327805353,0.321382423,0.331125701,0.33666702,0.350049011,0.370624311,0.37549488,0.0,0.0
CO2 emissions (metric tons per capita),EN.ATM.CO2E.PC,IDA total,IDA,0.501678434,0.465684952,0.516117913,0.499625187,0.499436782,0.505140507,0.502852081,0.521813487,0.544552179,0.560235135,0.0,0.0
CO2 emissions (metric tons per capita),EN.ATM.CO2E.PC,Late-demographic dividend,LTE,3.407956981,3.300556556,6.220746437,6.330203394,6.483683954,6.406976303,6.340951928,6.291656474,6.363636808,6.489821697,0.0,0.0
CO2 emissions (metric tons per capita),EN.ATM.CO2E.PC,Latin America & Caribbean,LCN,2.035780827,2.446079724,2.808424737,2.875787215,2.917722363,2.906370281,2.864931576,2.780951719,2.700018424,2.637362569,0.0,0.0
CO2 emissions (metric tons per capita),EN.ATM.CO2E.PC,Latin America & Caribbean (excluding high income),LAC,1.825669448,2.216017128,2.525966975,2.572482799,2.612821346,2.620143932,2.596054209,2.526406432,2.462697492,2.413939907,0.0,0.0
CO2 emissions (metric tons per capita),EN.ATM.CO2E.PC,Latin America & the Caribbean (IDA & IBRD countries),TLA,1.984006252,2.419941585,2.783237117,2.847497681,2.894287942,2.884360795,2.841497186,2.754968498,2.677573114,2.614462991,0.0,0.0
CO2 emissions (metric tons per capita),EN.ATM.CO2E.PC,Least developed countries: UN classification,LDC,0.135412711,0.163340726,0.267894381,0.273689825,0.287509978,0.302086477,0.307030456,0.322138017,0.335802195,0.335389683,0.0,0.0
CO2 emissions (metric tons per capita),EN.ATM.CO2E.PC,Low & middle income,LMY,2.111072721,2.017749853,3.247323269,3.299704875,3.340173386,3.334034112,3.27761213,3.253372317,3.289176491,3.350418141,0.0,0.0
CO2 emissions (metric tons per capita),EN.ATM.CO2E.PC,Low income,LIC,0.653292827,0.403116019,0.351493258,0.324576705,0.282440766,0.286487913,0.252792293,0.260545522,0.248158902,0.23673353,0.0,0.0
CO2 emissions (metric tons per capita),EN.ATM.CO2E.PC,Lower middle income,LMC,1.099788973,1.101100293,1.498318251,1.539659927,1.544002718,1.606591193,1.600475378,1.618071929,1.661634795,1.730955497,0.0,0.0
CO2 emissions (metric tons per capita),EN.ATM.CO2E.PC,Middle East & North Africa,MEA,3.334142805,4.078842054,5.536398989,5.741528708,5.735943827,5.847665955,5.818404651,5.754217999,5.730906727,5.638657141,0.0,0.0
CO2 emissions (metric tons per capita),EN.ATM.CO2E.PC,Middle East & North Africa (excluding high income),MNA,2.324716436,2.83551556,3.723474955,3.837175562,3.844078074,3.911341854,3.806555663,3.776865771,3.813533988,3.841040725,0.0,0.0
CO2 emissions (metric tons per capita),EN.ATM.CO2E.PC,Middle East & North Africa (IDA & IBRD countries),TMN,2.329490781,2.846277416,3.741377969,3.855920632,3.86312525,3.930979444,3.825907966,3.796304371,3.833300193,3.861347119,0.0,0.0
CO2 emissions (metric tons per capita),EN.ATM.CO2E.PC,Middle income,MIC,2.218250591,2.152621384,3.535293471,3.599544242,3.652394075,3.649463469,3.595028541,3.571971132,3.617599166,3.691801479,0.0,0.0
CO2 emissions (metric tons per capita),EN.ATM.CO2E.PC,North America,NAC,18.98661574,20.11481753,16.53901451,15.77403901,16.08246342,16.013094,15.55083364,15.14692452,14.86822332,15.27087561,0.0,0.0
CO2 emissions (metric tons per capita),EN.ATM.CO2E.PC,Not classified,INX,0.0,0.0,0.0,0.0,0.0,0.0,0.0,0.0,0.0,0.0,0.0,0.0
CO2 emissions (metric tons per capita),EN.ATM.CO2E.PC,OECD members,OED,10.23767261,10.72787254,9.586123286,9.38340717,9.368492598,9.134525411,9.028326764,8.91541555,8.832749761,8.835263958,0.0,0.0
CO2 emissions (metric tons per capita),EN.ATM.CO2E.PC,Other small states,OSS,4.933213172,4.359741267,6.235335944,6.422413801,6.497138691,6.594152263,6.424559707,6.361739815,6.371571863,6.406682315,0.0,0.0
CO2 emissions (metric tons per capita),EN.ATM.CO2E.PC,Pacific island small states,PSS,0.990575142,1.024229395,1.106249955,1.062351199,1.119606177,1.187833486,1.253410764,1.462856031,1.483613918,1.539504166,0.0,0.0
CO2 emissions (metric tons per capita),EN.ATM.CO2E.PC,Post-demographic dividend,PST,11.78687912,12.03903264,10.76372137,10.52380932,10.537141,10.26189126,10.08333717,9.93961113,9.808514276,9.853984332,0.0,0.0
CO2 emissions (metric tons per capita),EN.ATM.CO2E.PC,Pre-demographic dividend,PRE,0.443444725,0.410225224,0.522024095,0.535956494,0.553291132,0.561712184,0.538724921,0.543291019,0.536517457,0.557925928,0.0,0.0
CO2 emissions (metric tons per capita),EN.ATM.CO2E.PC,Small states,SST,4.619289348,4.290193091,5.842324523,6.020900888,6.034780093,6.075257985,5.928435212,5.816856884,5.80046345,5.859845144,0.0,0.0
CO2 emissions (metric tons per capita),EN.ATM.CO2E.PC,South Asia,SAS,0.567342503,0.773531071,1.198544362,1.274240336,1.291827692,1.382921808,1.384815574,1.399755872,1.462850482,1.526651238,0.0,0.0
CO2 emissions (metric tons per capita),EN.ATM.CO2E.PC,South Asia (IDA & IBRD),TSA,0.567342503,0.773531071,1.198544362,1.274240336,1.291827692,1.382921808,1.384815574,1.399755872,1.462850482,1.526651238,0.0,0.0
CO2 emissions (metric tons per capita),EN.ATM.CO2E.PC,Sub-Saharan Africa,SSF,0.783664211,0.717068799,0.798790821,0.805956712,0.817618181,0.824377307,0.781518154,0.768612427,0.76344328,0.763618494,0.0,0.0
CO2 emissions (metric tons per capita),EN.ATM.CO2E.PC,Sub-Saharan Africa (excluding high income),SSA,0.783480197,0.716281627,0.798423048,0.805545483,0.817263477,0.823982107,0.781090525,0.768156515,0.762951865,0.763112676,0.0,0.0
CO2 emissions (metric tons per capita),EN.ATM.CO2E.PC,Sub-Saharan Africa (IDA & IBRD countries),TSS,0.783664211,0.717068799,0.798790821,0.805956712,0.817618181,0.824377307,0.781518154,0.768612427,0.76344328,0.763618494,0.0,0.0
CO2 emissions (metric tons per capita),EN.ATM.CO2E.PC,Upper middle income,UMC,3.369723951,3.330389949,6.054158113,6.164053006,6.29475399,6.22699335,6.129205187,6.071887522,6.137106903,6.236807615,0.0,0.0
CO2 emissions (metric tons per capita),EN.ATM.CO2E.PC,World,WLD,3.90295219,3.812654595,4.569549191,4.576530766,4.606486625,4.556030175,4.483514829,4.431336901,4.43553589,4.477639096,0.0,0.0
